soil,temperature,humidity,rainfall,label
1,29.36792366,76.24900101,92.82840911,banana
1,27.33368994,83.67675197,101.0494791,banana
1,27.40053601,82.96221306,104.9378,banana
1,29.3159075,80.11585705,90.10978128,banana
1,26.05433004,79.39654531,113.2297373,banana
1,25.86632408,84.42379269,114.5357503,banana
1,27.00932084,80.18546798,97.32531705,banana
1,29.55054817,78.06762846,99.34482238,banana
1,26.28845991,83.390039,113.8729798,banana
1,29.16226551,76.16151562,100.0075679,banana
1,28.65003945,82.68752542,98.75084366,banana
1,29.07311132,76.50045221,100.1692639,banana
1,28.08166093,75.26429821,118.2761894,banana
1,27.1994597,78.8086068,99.72430835,banana
1,28.05484146,78.04602887,108.3957179,banana
1,25.14748006,83.34688193,98.66679427,banana
1,25.94019018,78.3422098,119.84797,banana
1,27.66752761,79.68542782,108.66464,banana
1,25.56703012,75.94067692,102.7867717,banana
1,28.6956201,82.54195839,116.1616839,banana
1,26.33544853,76.8532006,118.6858263,banana
1,25.93730186,78.89864446,98.21747528,banana
1,25.13686519,84.88394407,91.46442491,banana
1,27.50527651,80.79783998,105.0776992,banana
1,26.21009246,82.34429458,112.0700033,banana
1,29.10403455,79.19588629,92.07835761,banana
1,29.2440638,77.32017166,90.66727868,banana
1,25.56202173,77.38229006,93.10247183,banana
1,26.3985515,81.36028902,98.16752001,banana
1,28.09577643,77.79586769,109.5408614,banana
1,27.84767901,83.31110751,117.2878912,banana
1,27.39341554,81.4654833,94.31102057,banana
1,25.14517635,81.38204104,119.218154,banana
1,28.65456263,79.28693687,102.4633775,banana
1,29.16093424,76.67484233,109.575944,banana
1,27.57278064,82.0638878,91.34276507,banana
1,25.40909896,82.36208097,112.9794804,banana
1,25.99069521,83.33983116,112.0777152,banana
1,26.29039046,81.06003778,118.6730366,banana
1,29.14827211,78.71024836,117.536781,banana
1,26.59743595,79.35898915,107.3944717,banana
3,25.36059237,75.03193255,116.5531455,banana
3,29.12036889,80.18080728,112.3982055,banana
3,27.53911354,77.25629897,110.3262123,banana
3,29.66727337,83.51014178,110.2511102,banana
3,25.05802193,84.97323747,110.4408803,banana
3,25.86824781,78.52399914,116.3019555,banana
3,25.85036988,81.95580471,119.0856171,banana
3,26.51682337,77.79913575,108.8547508,banana
3,28.66725136,79.59242542,118.2583441,banana
3,28.14938935,81.54448882,91.40508414,banana
3,26.42313317,83.6995044,95.12322062,banana
3,26.59386409,81.40740301,109.9825551,banana
3,27.71822477,76.57853189,102.2099836,banana
3,28.98333432,82.95958244,109.022564,banana
3,29.42017919,83.96754496,117.229079,banana
3,27.39872329,81.10523402,112.1355384,banana
3,26.4020227,84.41007614,111.0162259,banana
3,27.81251452,82.69285419,99.20961514,banana
3,25.19640218,83.55829874,115.8586081,banana
3,28.31193338,75.77363772,119.695765,banana
3,25.90113128,80.47152737,110.10323,banana
3,27.48612983,76.11239849,109.2768851,banana
3,29.38254012,83.50423735,109.2486647,banana
3,29.22118628,81.08183635,108.8616474,banana
3,27.09062164,81.33506906,110.1331182,banana
3,26.12643374,81.81365007,104.4812858,banana
3,29.01207743,77.95192527,90.43495443,banana
3,27.96799119,79.28625709,119.4765557,banana
3,28.0764455,76.05522115,118.9923573,banana
3,25.16278237,84.97849241,90.94554618,banana
3,25.78749808,84.51194224,114.2005455,banana
3,25.34119774,84.47321314,91.06493353,banana
3,29.44795403,78.34971537,96.45042585,banana
3,26.47522633,78.51833782,113.1161095,banana
3,27.39489579,83.31172003,92.78133617,banana
3,25.08347445,80.261731,94.32961456,banana
3,26.6719835,76.48541655,91.73358569,banana
3,25.44926208,79.49221962,100.6619171,banana
3,28.22776705,80.6430384,98.00403016,banana
3,28.1279509,77.48247073,103.5045395,banana
3,28.9470467,82.1888998,95.83016448,banana
3,27.96236771,84.15403614,97.55986676,banana
3,28.00316034,78.90085998,94.68180316,banana
3,29.1400919,80.1190228,90.45142867,banana
3,27.9122104,83.36307683,90.24211529,banana
3,25.43480512,81.53977797,96.47800391,banana
3,28.55980972,84.51602322,111.0843029,banana
3,26.59580783,82.99556744,100.5123341,banana
3,27.19711623,77.3970629,99.46950465,banana
3,25.29391516,79.29122198,105.4220251,banana
3,29.90888522,76.98740841,91.99964712,banana
3,27.94972463,76.63713353,109.0921631,banana
3,25.01018457,78.76260938,108.3690513,banana
3,29.21144871,84.70189923,108.5501443,banana
3,27.35911627,84.54625006,90.81250457,banana
3,28.0106804,76.52808057,103.7040783,banana
3,28.67208915,82.20793613,94.37987496,banana
3,27.34585147,78.4873835,92.15524332,banana
3,29.50704598,78.20585613,98.12565829,banana
1,29.73770045,47.54885174,90.09586854,mango
1,33.55695561,53.72979826,98.67527561,mango
1,27.00315545,47.67525434,95.85118326,mango
1,33.56150184,45.53556603,95.70525913,mango
1,35.89855625,54.25964196,92.19721736,mango
1,34.17719782,50.62161586,98.00687989,mango
1,30.01592643,53.19212381,97.72843182,mango
1,31.74592134,45.16127859,93.75441586,mango
1,35.99009679,52.22780489,95.3713484,mango
1,31.86641378,52.19331595,98.46768642,mango
1,27.75518664,52.34605806,94.11213345,mango
1,34.72413192,51.4271781,97.31258083,mango
1,27.53907547,53.63549533,99.35408185,mango
1,27.69637763,48.5622488,89.85646496,mango
1,27.25373364,52.66319725,91.87312479,mango
1,30.33723921,48.88704844,94.42850522,mango
1,31.85744939,45.53106268,91.55845821,mango
1,35.39986338,49.45962621,97.41054011,mango
1,29.80747243,52.13797867,95.74606104,mango
1,34.16438906,54.16482251,98.33351125,mango
1,28.93270187,47.94053996,99.9834242,mango
1,27.98392787,53.33018851,99.61465679,mango
1,31.20478173,54.49960506,94.62954663,mango
1,32.13409675,50.52559148,98.63333684,mango
1,28.91862016,48.13974548,97.01331604,mango
1,31.09779147,47.41196659,90.28624348,mango
1,34.73823882,49.08864345,90.65022183,mango
1,29.98080499,49.48613279,91.82271568,mango
1,33.80398664,46.12866113,90.82549241,mango
1,30.07202564,50.96040505,92.09609766,mango
1,27.92063282,51.77965917,100.2585673,mango
1,31.40948821,49.21729127,92.99739415,mango
1,35.7877738,51.94190321,100.2160615,mango
1,33.36140093,45.02236377,98.81596545,mango
1,35.96054636,48.69677802,98.00644238,mango
1,28.33333307,51.39586505,91.67241761,mango
1,32.27652024,50.19368841,95.99487068,mango
1,31.99490489,50.84881347,97.38741498,mango
3,27.58258929,48.56916221,95.8445641,mango
3,29.38471637,45.88744691,100.8124659,mango
3,32.38697531,53.2328243,90.21633216,mango
3,30.91471455,49.92963856,90.14047759,mango
3,35.37775595,45.58110023,97.41586402,mango
3,32.32362177,52.5896771,93.36718816,mango
3,28.22373428,47.40519056,97.76832322,mango
3,27.27433181,47.16808054,95.257992,mango
3,27.10710832,50.70880979,92.37238878,mango
3,34.89226666,48.75613373,91.63074547,mango
3,33.7462686,48.50387598,92.26439205,mango
3,27.3511056,54.43945147,96.27792547,mango
3,32.89300162,52.61323969,94.49161372,mango
3,35.38598705,51.42664176,90.29643888,mango
3,27.5529736,47.90859131,90.40332704,mango
3,32.82141065,47.45553843,90.89173106,mango
3,30.17294105,51.0845903,95.23444287,mango
3,29.26382931,54.82257868,100.7586226,mango
3,32.06097197,51.08494181,96.59816497,mango
3,28.69818144,47.71875722,99.642454,mango
3,29.14305008,49.40983294,97.55155537,mango
3,28.3471611,53.53903102,90.40260445,mango
3,27.67256197,45.41692012,92.84991507,mango
3,28.1218093,46.16888595,93.30247448,mango
3,30.79375683,46.69536813,92.21318555,mango
3,28.89409382,54.80750249,94.76322976,mango
3,33.33024826,45.61143594,98.28583013,mango
3,27.78912455,53.96886679,91.01152997,mango
3,31.65333432,48.20662669,91.09745581,mango
3,29.75150773,46.73723302,91.405983,mango
3,31.32995611,50.22287593,89.78216168,mango
3,35.63627319,48.97047762,97.51952041,mango
3,31.66524687,51.98594645,89.98024312,mango
3,32.26935342,53.56092806,95.94035356,mango
3,27.81005614,51.59445462,95.89898581,mango
3,34.58561471,50.34035336,100.3060719,mango
3,31.27180992,52.23810152,89.74409017,mango
3,33.93679864,52.72170281,97.4611918,mango
3,31.09154239,47.02058367,91.46664318,mango
3,31.89356292,49.02450149,89.59371481,mango
3,32.45465292,50.69693751,95.04871605,mango
3,35.47478322,47.97230503,97.79072474,mango
3,27.32961444,49.30347234,93.53197359,mango
3,30.90225239,49.95955487,91.77522598,mango
3,29.09382275,45.5661059,96.23520043,mango
3,30.02086169,46.78393776,96.63721027,mango
3,34.13072188,51.25786185,96.38808001,mango
3,33.44619894,53.05980465,98.05089394,mango
3,35.3915464,52.48823147,91.22881052,mango
3,31.53356352,53.06009323,98.57025046,mango
3,30.7645515,47.93791463,90.38503469,mango
3,30.01821337,50.0983181,96.08745082,mango
3,31.32863689,47.59319575,94.67344737,mango
3,33.88004781,54.39416048,89.29147581,mango
3,28.07802689,54.9640534,97.45373619,mango
3,35.53845018,52.94641947,91.54560427,mango
3,28.70595247,50.44030129,95.8946444,mango
3,31.48451729,48.77926304,93.17221967,mango
3,27.69819273,51.41593238,100.7720705,mango
3,30.41235793,52.48100602,93.92375879,mango
3,32.17752026,54.01352682,91.88766069,mango
3,32.6112614,47.74916499,91.10190759,mango
1,29.99677232,81.54156612,67.12534492,grapes
1,30.7280404,82.42614055,68.38135469,grapes
1,32.44577836,83.88504863,68.73932528,grapes
1,37.46566825,80.65968681,66.83872293,grapes
1,22.03296178,83.74372787,65.34440794,grapes
1,39.64851881,82.21079946,70.39906054,grapes
1,16.77557314,82.75241875,66.76285469,grapes
1,12.14190714,83.56812483,69.63122027,grapes
1,12.7567962,81.62497448,66.77844567,grapes
1,39.04071989,80.18393287,73.88467027,grapes
1,39.70772192,82.68593454,74.91506217,grapes
1,9.467960445,82.29335466,66.02765219,grapes
1,29.58748357,80.91934392,68.06417307,grapes
1,17.82803682,80.96093443,65.84748763,grapes
1,8.825674745,82.89753705,67.235765,grapes
1,27.83487131,83.51444973,73.02882766,grapes
1,11.02105378,80.55557235,68.23963161,grapes
1,17.5862944,80.84806564,71.4065452,grapes
1,19.89363946,82.73366439,69.66256816,grapes
1,29.93707596,81.77713468,65.52279323,grapes
1,36.73126647,80.58931938,72.24230804,grapes
1,20.42094753,81.54185044,66.93065667,grapes
1,25.51939719,83.98351748,69.17281221,grapes
1,30.50734778,82.71775569,70.08200379,grapes
1,18.4269936,80.55625868,69.75734306,grapes
1,12.087022,83.59398734,68.66813363,grapes
1,23.60115364,82.48336987,73.23901752,grapes
1,12.80000387,81.20876367,67.10439401,grapes
1,38.06099482,82.24729637,65.70148216,grapes
1,39.06555518,82.03812973,69.30772897,grapes
1,33.78372897,81.16314317,74.53557341,grapes
1,16.76201707,82.00335557,73.28712806,grapes
1,35.89307536,82.66850729,66.53946559,grapes
1,21.01245395,81.17931863,66.38448261,grapes
1,10.89875873,80.01639435,68.69420397,grapes
1,16.36251869,83.00471609,71.55665483,grapes
1,20.28370163,81.32235739,71.06611222,grapes
1,25.11108456,83.25447587,73.01026829,grapes
1,33.4641162,83.86742974,67.92204319,grapes
1,11.7976469,80.86325389,65.06962486,grapes
1,11.36300891,80.03100049,71.18289431,grapes
1,25.23542319,80.68700527,67.03840888,grapes
1,15.99050693,81.23966573,74.40198861,grapes
1,22.4359017,80.18612085,65.3973168,grapes
1,34.76086052,81.03544763,65.70430027,grapes
1,31.11047251,83.34010951,71.43001582,grapes
1,28.57828803,80.95628959,73.34232097,grapes
1,41.18664903,81.01783402,68.68895899,grapes
1,27.02766138,83.17093908,70.95666003,grapes
1,21.19339319,82.33098331,74.62834921,grapes
1,10.38004759,83.44518113,67.3917379,grapes
1,31.3115978,82.56407013,65.01095312,grapes
1,20.46657776,80.97598029,71.29813872,grapes
1,29.36947679,81.53996362,66.13442813,grapes
1,10.72302459,80.02130636,65.2982112,grapes
1,14.97846952,80.49979873,71.63437433,grapes
1,15.3246651,81.67215994,71.60102999,grapes
1,18.73932187,81.12109244,73.55807954,grapes
1,19.3642553,83.36094029,67.15094741,grapes
1,41.20733624,81.61051026,65.90227462,grapes
1,33.34214482,82.51034633,70.68098614,grapes
1,23.81995682,80.12211649,67.2739864,grapes
1,40.66012294,81.24995984,74.03030056,grapes
1,11.82768186,80.2827185,74.10225057,grapes
1,13.28504331,83.54193816,65.80006004,grapes
1,35.83089092,83.32560104,73.67984885,grapes
1,26.18159716,81.03886263,66.05911698,grapes
1,24.57558351,80.70695797,69.706113,grapes
1,29.67229086,83.71498986,66.48490371,grapes
1,39.37102553,81.25353895,74.08101744,grapes
1,17.66558428,82.92903419,69.8671263,grapes
1,24.06679352,82.66396666,69.81855775,grapes
1,15.31413469,80.09711412,74.82144653,grapes
1,21.77466746,80.54942557,69.39630398,grapes
1,26.91624843,80.76838926,69.30927185,grapes
1,41.65602996,82.22118237,74.19664838,grapes
1,17.98667801,81.17712085,72.37127689,grapes
1,29.12033769,82.79092939,68.8503047,grapes
1,34.38922481,83.18392806,71.03001556,grapes
1,41.36106301,82.79782954,69.92107482,grapes
1,35.12158265,82.26890793,69.71518491,grapes
1,19.6491772,80.15215777,73.69529586,grapes
1,16.27852801,82.94270065,66.57462809,grapes
1,21.11903604,80.63399198,69.27779761,grapes
1,19.2077707,82.9042841,66.83113717,grapes
1,25.96308415,82.57813624,70.31782647,grapes
1,25.67385024,81.6212135,74.10919422,grapes
1,41.94865736,81.15595212,73.06862952,grapes
1,11.18994268,80.8084305,66.34234944,grapes
1,17.5438296,82.94703302,73.77063744,grapes
1,13.05809741,80.28297993,70.75633584,grapes
1,9.724457611,83.74765639,74.46411148,grapes
1,27.92004934,82.93262435,69.92092839,grapes
1,9.535585543,80.73112694,69.44115171,grapes
1,13.42988625,80.06633966,71.40043037,grapes
1,9.851242629,80.22631717,68.42802444,grapes
1,24.97256132,82.72828653,66.70016285,grapes
1,27.23708304,82.94573346,70.42508897,grapes
1,18.70679077,83.4795292,66.5964488,grapes
1,9.949929082,82.55138983,66.00817551,grapes
2,26.47330219,80.92254421,53.65742581,watermelon
2,25.18780042,83.44621709,46.87420883,watermelon
2,25.29954705,81.77527562,57.04147057,watermelon
2,24.74631269,88.30866319,57.95826144,watermelon
2,26.58740671,81.32563243,41.87540028,watermelon
2,24.53442564,88.989272,49.11618732,watermelon
2,26.0713757,88.7285657,57.79652846,watermelon
2,25.96534238,89.77076659,59.46338556,watermelon
2,26.22338015,85.34866045,54.60159289,watermelon
2,24.41311871,89.81574032,44.07843475,watermelon
2,26.49195283,80.04678201,57.72799157,watermelon
2,24.04355803,84.18406764,53.78929956,watermelon
2,25.5421695,83.31883376,57.57343233,watermelon
2,26.74550678,83.9195902,40.794305,watermelon
2,25.7131428,80.22972777,43.08961827,watermelon
2,25.76484262,84.1726996,44.22066914,watermelon
2,26.79489868,89.64815231,57.74091817,watermelon
2,24.9004602,89.73524177,57.44942094,watermelon
2,26.80750629,88.22874955,58.79889057,watermelon
2,25.11189154,80.02621335,44.20656987,watermelon
2,26.2148837,87.6883982,59.65590798,watermelon
2,24.9103226,86.97190046,49.48575692,watermelon
2,25.79448878,84.26830701,56.45229202,watermelon
2,25.26931156,87.55055105,40.12650421,watermelon
2,25.76402693,87.5931128,46.05122728,watermelon
2,25.85483596,89.13163965,46.85176955,watermelon
2,24.33528185,81.44030363,48.32113628,watermelon
2,25.37601283,80.99313508,57.23028471,watermelon
2,24.86094646,85.05318563,55.29563514,watermelon
2,24.71885473,88.94568335,48.45978627,watermelon
2,24.21495706,84.20576992,48.01138482,watermelon
2,25.81692236,82.043255,54.82963379,watermelon
2,24.47018505,84.16390229,57.26773002,watermelon
2,24.13078816,84.84494575,51.19470197,watermelon
2,26.1793464,86.52258079,49.43050977,watermelon
2,26.17668721,86.7295205,53.33484977,watermelon
2,26.03867719,84.6378378,44.3993381,watermelon
2,26.53259325,82.39053979,54.30660782,watermelon
2,26.81938687,87.8274604,46.06193778,watermelon
2,25.50405534,81.40297428,48.47833278,watermelon
2,26.20234499,80.38266489,56.47941847,watermelon
2,25.13735887,89.28272716,43.52897517,watermelon
2,25.92030221,83.47202566,42.10681516,watermelon
2,26.6634609,89.98405233,57.40847165,watermelon
2,24.06731461,81.64075303,51.75212401,watermelon
2,24.6774157,82.75411437,57.05709413,watermelon
2,26.11440416,87.64081095,58.48160844,watermelon
2,26.81530456,87.65694462,55.74073582,watermelon
2,25.15623099,80.27525115,55.49541453,watermelon
2,25.2801372,83.15393658,49.29456609,watermelon
2,26.22005978,80.90127035,49.08553937,watermelon
2,24.92093261,80.61750795,50.55710813,watermelon
2,26.21667586,81.01009354,54.65423596,watermelon
2,26.81383586,87.21986949,51.70497792,watermelon
2,24.31334971,87.47409052,48.11248366,watermelon
2,24.29105004,88.04541346,51.26046418,watermelon
2,24.42998931,86.33904774,48.58241822,watermelon
2,25.66576039,88.6984228,54.22722466,watermelon
2,25.07803672,83.46230461,56.39962921,watermelon
2,24.88910524,85.87059083,51.70699144,watermelon
2,25.42900869,82.91481799,56.34144589,watermelon
2,24.37118217,87.1269128,44.63907691,watermelon
2,26.4930645,88.59143088,46.06382209,watermelon
2,25.83202912,89.00481725,45.24690619,watermelon
2,24.41592661,89.39655519,40.32161859,watermelon
2,24.37190239,81.2514818,44.20899581,watermelon
2,24.24782473,83.03687902,54.7657624,watermelon
2,24.64458469,85.49938185,48.31219031,watermelon
2,24.89681131,86.10782926,53.14626213,watermelon
2,25.41864024,81.12122989,49.52320689,watermelon
2,26.26028739,86.14585891,58.97878791,watermelon
2,24.90123934,87.20772913,46.59207341,watermelon
2,24.84740848,89.20454622,59.67927244,watermelon
2,26.98212846,86.70068316,42.91292205,watermelon
2,26.90435747,86.25426228,59.75980023,watermelon
2,25.86475496,86.67468041,41.16554802,watermelon
2,26.70607759,81.14149505,51.51033554,watermelon
2,26.44019475,80.91934337,47.81847573,watermelon
2,26.283443,84.42478917,50.78669728,watermelon
2,26.84366082,83.85039964,40.228644,watermelon
2,26.03967219,83.9862443,43.87712348,watermelon
2,24.92994759,85.00802358,48.75859458,watermelon
2,25.50736962,84.24340241,44.2068997,watermelon
2,25.4438391,87.9392312,57.51549686,watermelon
2,26.12588914,86.5507939,40.71210074,watermelon
2,25.10474753,87.5267616,59.26519444,watermelon
2,26.27520631,86.63249555,54.38748495,watermelon
2,26.27061608,83.09194521,46.76837499,watermelon
2,26.73690828,87.82430156,47.46447019,watermelon
2,25.04746944,85.5667282,56.72496677,watermelon
2,24.69368934,85.56967628,48.99390828,watermelon
2,24.54356968,84.60808277,42.00660251,watermelon
2,25.89762315,81.96664832,54.49960057,watermelon
2,26.6333118,84.31756844,56.31866159,watermelon
2,25.35794749,80.45846265,47.72078245,watermelon
2,25.28784623,89.63667876,58.28697664,watermelon
2,26.63838589,84.69546874,48.32428609,watermelon
2,25.3310446,84.30533791,41.53218699,watermelon
2,26.89750174,83.89241484,43.97193745,watermelon
2,24.55981624,91.63536236,111.9684622,pomegranate
2,19.65690085,89.93701023,108.0458926,pomegranate
2,18.78359608,87.4024767,102.5184759,pomegranate
2,24.1469628,94.5110662,110.2316633,pomegranate
2,22.44581266,89.90147027,109.3905998,pomegranate
2,24.96273236,92.40501423,109.4169192,pomegranate
2,22.5526059,89.3259486,104.8955643,pomegranate
2,22.77035608,91.45498527,106.9659201,pomegranate
2,19.20090378,94.27659596,108.0423555,pomegranate
2,23.12808226,92.68328358,109.3930157,pomegranate
2,24.92639065,85.19098079,104.7693804,pomegranate
2,24.77464458,85.63608688,105.7595811,pomegranate
2,19.8671184,86.35590206,108.3168858,pomegranate
2,24.26601316,93.7974061,104.5375109,pomegranate
2,23.62600218,89.73266695,107.6836871,pomegranate
2,19.67832052,89.08935702,108.5468633,pomegranate
2,22.36509395,92.30882391,104.8216333,pomegranate
2,21.57936934,94.88267728,102.8593382,pomegranate
2,18.26233221,88.16779129,108.0756727,pomegranate
2,23.71028128,89.61794165,105.6499907,pomegranate
2,22.48720144,89.9224883,111.6631582,pomegranate
2,21.6602498,94.79397419,112.4349689,pomegranate
2,20.13037175,89.31505137,107.3416913,pomegranate
2,18.41164435,91.11927248,105.1834976,pomegranate
2,19.68291173,89.75272999,111.2818551,pomegranate
2,23.20242586,91.19442671,109.0946323,pomegranate
2,18.92157197,87.31290342,102.8013275,pomegranate
2,22.10621387,91.34039616,106.8704803,pomegranate
2,18.47412402,89.68919664,108.4758509,pomegranate
2,19.81069447,88.92944254,102.860084,pomegranate
2,24.4880844,90.83687246,103.1969341,pomegranate
2,18.75927679,89.93457597,111.0196744,pomegranate
2,19.54128063,90.29751796,104.3739878,pomegranate
2,18.91251245,87.74938524,111.2800516,pomegranate
2,19.91330523,94.95031368,104.0277061,pomegranate
2,19.72620525,89.64934166,108.2287276,pomegranate
2,23.83185873,87.84034604,111.2232716,pomegranate
2,24.94467632,94.25702672,103.8799347,pomegranate
2,24.692258,93.87030088,104.6735454,pomegranate
2,24.72485577,85.56083187,111.2787584,pomegranate
2,20.12644921,87.59629625,108.065579,pomegranate
2,21.02432943,93.0569505,104.7847006,pomegranate
2,22.40423537,88.1508343,109.8695196,pomegranate
2,20.33691147,89.38003827,110.9653137,pomegranate
2,24.24779615,85.56033312,106.9216033,pomegranate
2,24.81530144,91.90842992,109.2853418,pomegranate
2,19.66329768,87.95158129,106.0380805,pomegranate
2,22.43377991,90.3396556,112.459697,pomegranate
2,22.92052307,85.12912161,110.2437841,pomegranate
1,22.91843172,85.40695044,106.2817706,pomegranate
1,24.88244467,89.39686219,107.1951707,pomegranate
1,23.40981539,93.13277,105.2240743,pomegranate
1,21.20725375,94.26304717,107.5660804,pomegranate
1,18.20230419,91.12282162,109.6623974,pomegranate
1,22.34375696,89.7870345,103.3183074,pomegranate
1,24.32770134,90.88292835,110.4606459,pomegranate
1,19.75088482,88.71691157,102.5538035,pomegranate
1,19.86173586,86.19740917,111.0217929,pomegranate
1,18.07132963,93.14554876,106.3602023,pomegranate
1,23.89162561,89.61850203,104.617522,pomegranate
1,23.98598756,93.34236582,104.991282,pomegranate
1,20.93892916,85.42912869,103.0295938,pomegranate
1,20.82210727,87.22815682,109.4429934,pomegranate
1,20.86474944,91.61793636,106.8685636,pomegranate
1,24.45840036,86.10874614,111.3779693,pomegranate
1,24.51147697,90.64498715,105.6209954,pomegranate
1,24.56811204,92.03009222,110.9633894,pomegranate
1,24.63228709,89.01574455,110.6956184,pomegranate
1,20.07386547,90.97819712,103.7084055,pomegranate
1,21.80523051,94.63612858,102.6488846,pomegranate
1,22.8122645,86.34233767,110.4432293,pomegranate
1,22.73031253,88.48567856,104.6843243,pomegranate
1,23.2801227,94.94330457,111.1382096,pomegranate
1,19.30106297,87.1775172,105.4766591,pomegranate
1,19.0087067,88.83768149,108.6793978,pomegranate
1,24.35193812,90.88612388,105.529185,pomegranate
1,24.72235539,88.87651295,112.1926517,pomegranate
1,21.92513945,94.46485312,111.7162016,pomegranate
1,24.83954414,86.88738076,107.6435771,pomegranate
1,18.09691127,90.42177379,104.88189,pomegranate
1,20.24104904,91.08706822,109.2537734,pomegranate
1,23.22594,94.42971362,105.6917856,pomegranate
1,23.50128217,92.97527546,106.61905,pomegranate
1,19.44623085,89.02127045,106.1606833,pomegranate
1,20.51343484,92.51675903,110.5764023,pomegranate
1,18.90223032,94.99897537,107.6103211,pomegranate
1,18.90592319,89.24126808,112.4750941,pomegranate
1,22.63045168,88.45577158,109.0357597,pomegranate
1,19.38603815,86.79058496,109.9130984,pomegranate
1,24.38318965,91.19431555,103.6012114,pomegranate
1,23.77989026,92.93386903,106.977723,pomegranate
1,22.59890174,93.16343942,110.0932899,pomegranate
1,24.37766782,85.4017118,106.128338,pomegranate
1,20.89273273,91.07776977,104.4407083,pomegranate
1,18.09903225,85.70786282,107.0050976,pomegranate
1,20.00218987,85.83618191,112.337046,pomegranate
1,19.85139326,89.80732335,102.8186358,pomegranate
1,21.25433607,92.65058936,106.2784673,pomegranate
1,23.65374106,93.32657504,109.8076178,pomegranate
1,23.88404783,86.20613842,108.3121789,pomegranate
2,15.78144173,92.51077745,119.035002,orange
2,26.03097313,91.50819306,101.2847738,orange
2,13.36050601,91.35608208,111.2266885,orange
2,18.87957654,92.04304496,114.6659511,orange
2,29.47741671,91.57802915,111.1727497,orange
2,28.06903173,92.91487288,114.1339416,orange
2,25.66901098,92.04670813,112.5424199,orange
2,29.77149434,92.00719952,114.4161786,orange
2,30.55472573,90.90343769,106.0711985,orange
2,23.96147583,90.26408017,102.6958703,orange
2,23.98289638,91.5473145,118.4901697,orange
2,25.26052689,90.31153735,117.3695296,orange
2,31.08368929,90.14362642,109.6894658,orange
2,14.78003032,91.22062116,100.1961762,orange
2,26.56608303,94.45239715,116.3796525,orange
2,24.85903405,94.39000473,111.7803734,orange
2,34.51465139,93.63812684,103.5684926,orange
2,24.12188673,90.72351622,102.835632,orange
2,23.85340379,90.10522549,103.923226,orange
2,24.60297538,91.28408653,111.2948115,orange
2,15.63211033,94.25966183,101.4705704,orange
2,19.33516809,91.97978938,116.450422,orange
2,28.2620488,91.98317355,105.2132259,orange
2,22.67594476,93.36348717,110.3332655,orange
2,21.03200078,92.9641969,110.6823944,orange
2,33.23453301,91.06053924,115.7659902,orange
2,22.30318989,92.15987039,117.3688104,orange
2,11.50322938,94.8933184,115.5683776,orange
2,14.34320488,94.35734702,110.2223123,orange
2,33.1056981,93.48447453,119.1709113,orange
2,30.49183837,90.4582865,113.3302105,orange
2,30.25578031,92.03272799,116.7173125,orange
2,12.22816189,90.26457428,108.4161706,orange
2,10.01081312,90.22399223,119.3941064,orange
2,22.79196751,90.60901895,116.5084074,orange
2,20.18432263,90.65458473,116.8130969,orange
2,30.72119881,94.01331956,106.8118019,orange
2,24.35590861,92.39651663,119.6946577,orange
2,21.21306973,91.35349216,112.9834361,orange
2,10.78689755,91.38411917,117.5293447,orange
2,11.89925671,91.34663797,103.5771468,orange
2,22.56664172,93.37488907,109.8585753,orange
2,18.86883219,93.24688124,119.3936976,orange
2,17.34083741,93.04897191,112.7194284,orange
2,34.90665289,92.87820148,102.1906333,orange
2,24.53610067,91.90997228,115.9787989,orange
2,13.8377282,91.74780462,107.9873218,orange
2,22.3551049,93.52211892,101.5164589,orange
2,34.74004942,93.12316972,100.1967854,orange
2,11.54785707,94.14861001,108.8289171,orange
2,23.13338811,91.94670335,104.4224145,orange
2,29.98364695,94.55239717,115.3560318,orange
2,20.87947369,90.93756231,102.4550786,orange
2,17.24944623,91.13772765,112.5090516,orange
2,15.83388699,91.68293851,109.7571416,orange
2,23.01014302,91.11764246,112.6738296,orange
2,16.39624284,92.18151927,102.944161,orange
2,24.45132792,93.10527686,109.4711098,orange
2,31.87859192,91.15248149,105.3437825,orange
2,31.34920143,91.48247612,109.1549823,orange
2,18.05142392,90.03969587,111.7793889,orange
2,30.84835031,92.86773675,107.4142681,orange
2,22.45616931,91.52781832,118.0069295,orange
2,13.70319166,90.95589386,106.2944879,orange
2,20.48954522,93.72485075,111.8391951,orange
2,13.20844373,94.02769434,106.2696156,orange
2,32.31944397,93.67804556,117.6236473,orange
2,20.68185224,90.91510525,109.7513927,orange
2,31.52675982,90.50621806,113.1169398,orange
2,25.35467646,91.81183218,116.7555937,orange
2,17.66545409,91.69865887,110.6857506,orange
2,12.59093977,91.81668769,119.3916718,orange
2,11.86631922,93.68394562,106.060149,orange
2,11.03367937,92.22706805,112.7715925,orange
2,25.2990432,94.96419851,117.9733424,orange
2,32.23797837,90.15406807,104.7052254,orange
2,17.68408797,94.35815354,108.0638166,orange
2,10.2708877,90.19147747,106.6955204,orange
2,17.22034507,94.78797376,108.0054343,orange
2,19.667056,90.50096668,100.1737964,orange
2,10.35609594,93.75652041,101.1456947,orange
2,27.255435,91.71369387,101.139435,orange
2,34.5917846,92.13229786,115.5650287,orange
2,32.39523995,94.51768464,113.25373,orange
2,10.16431299,91.22320999,106.362551,orange
2,21.49118657,93.43949693,101.4819888,orange
2,16.53460397,94.76759975,110.0447896,orange
2,31.8520694,90.12220323,109.9455062,orange
2,28.04799508,90.00621688,117.1311498,orange
2,31.75048899,94.59551226,115.1989301,orange
2,29.07412717,93.27189064,100.7896871,orange
2,19.14381903,90.71037456,108.0230792,orange
2,16.14820285,91.4448027,107.4287664,orange
2,34.05296914,92.05811721,116.8020848,orange
2,34.51423957,90.56151463,118.3271968,orange
2,32.71748548,90.54608254,113.328978,orange
2,25.16296632,92.54736032,114.3117197,orange
2,27.68167318,94.47316879,113.9995146,orange
2,21.35093384,90.9492967,107.0862095,orange
2,11.69894639,93.25638873,103.2005992,orange
4,35.21462816,91.49725058,243.0745066,papaya
4,42.39413392,90.79028064,88.46607497,papaya
4,38.4191628,91.14220381,119.2653877,papaya
4,35.33294932,92.11508608,235.6133585,papaya
4,42.92325255,90.07600528,196.2408242,papaya
4,33.83508569,92.85470152,203.4044028,papaya
4,33.20258348,92.76437927,197.5282582,papaya
4,23.48546973,93.71043692,191.7760562,papaya
4,29.33710543,90.81781439,202.0572747,papaya
4,40.21199348,94.50766912,186.6762324,papaya
4,42.13473976,91.70445386,197.402901,papaya
4,32.86316618,91.4618874,47.271547,papaya
4,29.80744318,91.38048469,232.7046126,papaya
4,31.56213762,93.0484859,63.62250788,papaya
4,36.32268069,93.06134398,141.1736926,papaya
4,37.13165026,94.60761797,172.4788062,papaya
4,38.4418717,93.63739039,77.71566883,papaya
4,32.66160599,90.78931681,78.85085502,papaya
4,27.92765919,91.55594211,149.9107557,papaya
4,39.01793345,91.48815629,105.8841531,papaya
4,32.51247398,94.65904123,51.07048113,papaya
4,38.72382798,91.72514851,62.62377075,papaya
4,43.30204933,92.83405443,110.562229,papaya
4,27.58548913,90.72526502,238.5008779,papaya
4,40.78881819,92.90951393,132.7923586,papaya
4,23.19451074,91.40301608,206.3999208,papaya
4,32.68067385,92.61715632,248.8592986,papaya
4,34.28879307,93.61082872,127.2509777,papaya
4,39.30050027,94.16193416,120.9512466,papaya
4,39.73149053,91.12220596,122.7628653,papaya
4,39.23342464,91.25589286,64.4478499,papaya
4,27.34734861,94.17756725,40.35153141,papaya
4,40.76998685,92.09278584,209.8678411,papaya
4,26.26559543,90.79668055,59.49373381,papaya
4,28.12971499,93.3210737,117.8201907,papaya
4,34.2804607,90.55561637,98.54047745,papaya
4,33.7960155,93.00754254,182.026807,papaya
4,31.53243779,90.87394933,207.0735119,papaya
4,42.30495821,90.51431779,74.876786,papaya
4,24.63676897,90.61964344,218.2299187,papaya
4,28.28222883,91.37059792,179.2720807,papaya
4,24.48620746,92.98254537,183.49095,papaya
4,42.84609252,94.63548176,78.8099639,papaya
4,43.67549305,93.10887229,103.8235658,papaya
4,42.07213781,92.92203105,165.7412972,papaya
4,33.46873719,92.12746225,136.8277041,papaya
4,31.7018373,91.66232213,48.83810592,papaya
4,41.41968393,90.03863107,199.3096432,papaya
4,42.54744013,94.94482086,214.4103848,papaya
4,28.91842453,94.63676767,63.68794608,papaya
4,43.08022702,93.90305729,211.8529059,papaya
4,29.20300896,93.96834049,209.4083305,papaya
4,41.04224355,91.37258067,181.527598,papaya
4,25.62446619,93.18240298,97.26336657,papaya
4,35.32876402,91.06138506,163.9069365,papaya
4,24.42561272,92.27749066,63.35298768,papaya
4,31.18298415,90.21646909,54.01872359,papaya
4,31.88342554,91.3256535,79.27201575,papaya
4,42.93368602,91.1756748,246.3613268,papaya
4,23.11407669,94.31994776,231.5153161,papaya
4,24.87212063,93.90560147,135.1694525,papaya
4,43.36051537,93.35191636,114.778071,papaya
4,26.83054058,90.75379971,144.6656444,papaya
4,30.42012134,93.12659793,75.95295,papaya
4,28.64555584,93.22642604,115.8163936,papaya
4,32.50037548,93.47888842,71.73759526,papaya
4,43.03714283,94.6428898,41.5856585,papaya
4,30.10773379,90.34546355,75.24521981,papaya
4,23.69212243,93.61055571,87.53393983,papaya
4,35.67667332,93.30641944,141.3381168,papaya
4,27.71948962,94.43877142,82.83061083,papaya
4,35.26824831,92.38282957,149.8488208,papaya
4,23.16855863,90.78821158,161.6892093,papaya
4,33.08706051,92.25197542,88.1300769,papaya
4,37.4620912,90.44967809,172.3458448,papaya
4,38.73218907,94.73613484,218.142147,papaya
4,32.57720726,92.74889453,93.7942847,papaya
4,38.38231475,93.10378595,210.2735346,papaya
4,42.93605359,90.09448142,234.8466111,papaya
4,25.65492304,92.74501561,52.95477913,papaya
4,37.58899717,91.99740365,159.6577388,papaya
4,29.60718808,93.15642801,62.68710535,papaya
4,25.34756111,93.02871078,174.4012337,papaya
4,25.9300384,93.02357765,241.8202079,papaya
4,32.76795887,94.57377401,240.4795923,papaya
4,29.02328049,90.20396783,126.8069869,papaya
4,40.00439101,90.17015833,92.11877372,papaya
4,33.32315744,91.25271223,234.496633,papaya
4,31.22790131,94.94021378,46.44279118,papaya
4,26.68386496,92.9585411,62.50689682,papaya
4,24.70528368,90.14732171,108.4103158,papaya
4,38.2016825,93.97379963,218.0908814,papaya
4,36.56769731,93.79503425,104.4218596,papaya
4,26.05375792,93.69111672,240.6863901,papaya
4,31.29986342,92.76039164,54.77830202,papaya
4,40.10207731,94.35110201,149.1199989,papaya
4,38.58954491,91.58076549,102.2708231,papaya
4,41.31330062,91.1508798,239.7427554,papaya
4,37.03551903,91.79430166,188.5181422,papaya
4,23.0124018,91.07355541,208.3357976,papaya
3,26.7627493,92.86056895,224.5903664,coconut
3,25.61294367,94.3138837,224.3206759,coconut
3,28.130115,95.64807631,151.0761899,coconut
3,25.02887163,91.53720922,179.8248944,coconut
3,27.79797651,99.64573002,181.6942283,coconut
3,29.25902906,95.11294697,184.7624496,coconut
3,27.10134661,93.69979946,150.9502632,coconut
3,25.84726298,90.92669463,147.8888994,coconut
3,26.58580443,90.98617591,178.8116076,coconut
3,28.38503882,99.18843684,189.6711349,coconut
3,28.43647052,91.81320717,145.5414413,coconut
3,28.27298134,96.93649473,198.8234862,coconut
3,27.00648436,96.46168931,144.3331315,coconut
3,27.63551259,99.34854917,157.9171537,coconut
3,26.29644905,99.65809151,215.9195049,coconut
3,27.1326009,95.23797989,204.7206567,coconut
3,25.56567803,97.61361544,199.7936345,coconut
3,25.94951662,93.40548703,172.0540491,coconut
3,28.03380598,95.01630593,218.0055713,coconut
3,29.12859129,91.30924833,157.2388553,coconut
3,27.0828252,97.00155491,171.7575545,coconut
3,28.11321494,90.01734526,172.4813641,coconut
3,27.5136304,94.18955816,156.6732553,coconut
3,27.63834933,95.48763389,205.5463111,coconut
3,29.01256899,94.01014388,150.0500312,coconut
3,26.58413917,95.78923137,171.6262299,coconut
3,28.28905147,97.00396405,142.9403233,coconut
3,28.69164799,96.65248672,178.9635457,coconut
3,29.70931288,96.30484325,209.8453993,coconut
3,27.14865285,96.66355213,149.2433497,coconut
3,29.28725038,91.95614918,132.1491176,coconut
3,25.06871967,93.31410447,134.8419069,coconut
3,26.92449525,91.20106019,194.9022136,coconut
3,28.27804288,93.64761266,171.9457959,coconut
3,29.18032562,92.73041222,204.9603677,coconut
3,28.3575072,91.64509299,160.7306991,coconut
3,29.38072512,93.27565685,218.5241851,coconut
3,25.39241091,98.08951196,218.080385,coconut
3,26.31270635,98.62048026,208.1181381,coconut
3,29.52501367,91.91185319,194.3100272,coconut
3,28.83214859,92.17170353,145.4172387,coconut
3,28.48444906,97.76865458,160.389421,coconut
3,28.74013335,93.39676499,156.7650823,coconut
3,25.00872392,95.59224018,165.8092179,coconut
3,29.8690834,91.14723422,192.7678575,coconut
3,27.54273211,94.59086121,150.2012138,coconut
3,26.52166434,98.38227669,144.6261698,coconut
3,25.03512351,95.89739958,174.796583,coconut
3,29.20394909,95.66997327,211.2506267,coconut
3,27.05826457,91.10510371,224.7006953,coconut
3,26.18552389,96.96637916,135.4186222,coconut
3,27.59376845,92.48519606,162.8432736,coconut
3,25.76011662,94.65830608,131.2451414,coconut
3,28.87862994,95.11320315,145.0583117,coconut
3,26.50908611,94.48414544,199.8778403,coconut
3,26.87037587,91.72546257,214.4128874,coconut
3,27.57283516,94.90485697,145.9298935,coconut
3,28.05912437,98.3670985,171.6516396,coconut
3,29.51611558,92.56492864,131.2116167,coconut
3,28.96318258,95.16333673,222.803013,coconut
3,25.09897688,92.36099489,157.7592626,coconut
3,27.1872282,92.19906776,141.3220576,coconut
3,29.03065024,90.79093862,205.5720367,coconut
3,27.754298,95.94643831,131.0900076,coconut
3,27.31155708,99.96906006,201.8258633,coconut
3,28.84270971,99.64328526,224.4016682,coconut
3,26.61423461,96.97300803,191.006688,coconut
3,29.70143197,95.65754365,215.1968037,coconut
3,25.54759871,91.64194826,212.867626,coconut
3,26.37978453,91.49882979,167.0470997,coconut
3,27.45907759,92.90736493,142.1430003,coconut
3,27.02269204,95.71935435,147.1682459,coconut
3,28.98545306,90.73966792,148.8398374,coconut
3,26.1055118,91.52421214,134.1279669,coconut
3,25.0707247,95.02156793,192.9036306,coconut
3,25.54963273,96.92786777,191.2996157,coconut
3,28.56973521,95.67906668,134.8370348,coconut
3,26.07010807,96.7036223,143.533473,coconut
3,25.51791333,94.38420565,178.7297725,coconut
3,25.9490364,94.73860514,144.1571109,coconut
3,28.2974764,95.41122824,182.4482352,coconut
3,29.56549169,91.40896307,224.8315729,coconut
3,29.69952329,95.21224392,148.3003692,coconut
3,26.14162144,93.28415295,195.4115025,coconut
3,26.00175125,94.79998418,209.540094,coconut
3,27.15116142,91.48889469,164.9182225,coconut
3,28.97318719,98.09861043,213.9011021,coconut
3,26.13958446,96.38580769,131.3387935,coconut
3,25.51618488,94.33465411,135.1272491,coconut
3,27.55821802,99.98187601,174.6256481,coconut
3,27.81132822,97.48410555,154.0621221,coconut
3,25.60033702,99.7240104,165.8248732,coconut
3,26.91641934,99.84671638,225.6323656,coconut
3,29.1797902,90.27214288,188.9252083,coconut
3,26.44600063,98.29937782,221.2258168,coconut
3,28.43572863,95.8840407,203.9283708,coconut
3,28.94099669,93.00109012,191.7723087,coconut
3,26.45488737,93.45042636,149.2220255,coconut
3,25.79490531,93.84150618,152.4238712,coconut
3,26.93141945,98.80313612,166.5712879,coconut
2,27.57826922,94.11878202,28.08253201,muskmelon
2,27.82054812,93.03555162,26.32405487,muskmelon
2,29.09910406,94.22237826,22.52497327,muskmelon
2,28.04943594,90.83130708,20.76223014,muskmelon
2,29.91690582,94.55695552,28.16057247,muskmelon
2,29.86895762,93.25103208,26.26243014,muskmelon
2,29.17220859,92.21405224,21.30290472,muskmelon
2,29.24908541,90.06998135,25.93496537,muskmelon
2,27.76317235,90.35567642,25.21609113,muskmelon
2,28.82629037,94.26765349,26.23838511,muskmelon
2,28.52379742,92.09688432,29.86681385,muskmelon
2,29.06785065,90.97685539,29.1194739,muskmelon
2,29.08417927,90.73891887,25.33014238,muskmelon
2,28.47090661,94.79453182,21.08484101,muskmelon
2,28.27973674,90.38971208,21.58992507,muskmelon
2,28.47212559,91.21322065,20.88620369,muskmelon
2,29.68846716,94.30111601,26.83924845,muskmelon
2,27.02415146,91.66737633,21.26034986,muskmelon
2,29.09588297,94.16748386,26.70581328,muskmelon
2,29.69238699,92.58862544,29.1102594,muskmelon
2,28.20619412,92.86798698,28.78654515,muskmelon
2,29.05248036,93.92217834,23.66620626,muskmelon
2,29.57240298,93.61870344,27.56918621,muskmelon
2,29.10968327,92.43510994,27.95602304,muskmelon
2,28.20480805,92.91440379,20.36001144,muskmelon
2,29.11858526,92.12543021,24.52020164,muskmelon
2,29.62800691,90.10051615,23.69586761,muskmelon
2,29.81196601,90.36881284,22.68766503,muskmelon
2,27.72338349,90.93897939,22.81863447,muskmelon
2,29.26092798,92.92367701,28.70627683,muskmelon
2,29.72791119,94.29753295,26.52364146,muskmelon
2,28.91105641,90.78413842,23.44398467,muskmelon
2,28.96361426,93.88482153,23.56130173,muskmelon
2,28.59052369,91.33617236,29.44008034,muskmelon
2,27.33897716,90.69759008,28.69113835,muskmelon
2,29.90415889,90.75284363,25.37828397,muskmelon
2,27.42711692,90.02696201,21.7508774,muskmelon
2,29.55657523,90.70937262,28.36535596,muskmelon
2,29.84070774,93.76312893,23.28207838,muskmelon
2,28.53545677,91.72742702,25.1290048,muskmelon
2,27.11535046,94.86907886,26.51924782,muskmelon
2,27.84492803,91.60666594,26.47844429,muskmelon
2,29.03157242,91.82172592,24.93861254,muskmelon
2,27.82424457,90.56698742,21.19014526,muskmelon
2,27.72653142,92.00687531,20.21126747,muskmelon
2,28.69708334,94.30759855,22.21807088,muskmelon
2,29.73019662,90.97015715,20.49035619,muskmelon
2,29.54097171,92.91778307,21.9653077,muskmelon
2,28.80311922,91.78336933,25.16359891,muskmelon
2,27.29035669,90.53330091,23.49535234,muskmelon
4,27.46583649,94.87679041,27.27899847,muskmelon
4,29.49401389,94.72981338,26.30820876,muskmelon
4,27.79161808,92.51054946,26.85422624,muskmelon
4,29.12533739,91.52291141,21.90440445,muskmelon
4,27.93114233,93.56161439,20.66127836,muskmelon
4,29.45771748,92.12534736,20.76212031,muskmelon
4,27.96872279,92.17444796,28.94766949,muskmelon
4,29.48882958,91.07574233,26.01909355,muskmelon
4,29.47156259,90.77069618,28.75226067,muskmelon
4,27.0767265,90.14362622,24.4514648,muskmelon
4,27.30008597,90.80015308,25.09484511,muskmelon
4,29.82729394,90.79007335,22.84203589,muskmelon
4,29.93061247,93.22980899,24.34814338,muskmelon
4,29.94349168,93.90741192,20.39020503,muskmelon
4,28.03306461,91.47355778,21.17924769,muskmelon
4,29.8843055,94.0371147,21.0000988,muskmelon
4,27.7058373,92.91185695,22.06207161,muskmelon
4,29.78714005,94.65343534,27.8659442,muskmelon
4,28.57819995,92.86597437,27.5987178,muskmelon
4,29.48069921,90.33698678,26.0365768,muskmelon
4,27.51492243,94.96218673,21.01796432,muskmelon
4,28.05457761,94.81637388,21.84869328,muskmelon
4,29.03167341,93.12603235,24.15591199,muskmelon
4,28.5854649,91.89216849,26.88372572,muskmelon
4,27.08808014,93.42402083,25.32159689,muskmelon
4,27.99611732,90.84660317,21.61893763,muskmelon
4,27.87317436,91.14849627,24.05207925,muskmelon
4,28.96586565,90.71832938,22.25838137,muskmelon
4,28.87726019,92.48839665,24.44267592,muskmelon
4,29.17052093,94.19790371,22.06994464,muskmelon
4,29.34033587,90.01506395,21.44532907,muskmelon
4,29.07265321,91.91533173,28.83568362,muskmelon
4,28.68275966,92.50969311,29.11187663,muskmelon
4,28.92705913,91.39356832,23.20076686,muskmelon
4,27.99901833,91.64193051,23.28618248,muskmelon
4,27.59350075,91.79742953,24.84266123,muskmelon
4,29.87331077,90.60932469,24.69720481,muskmelon
4,28.55852465,90.45773041,27.26588346,muskmelon
4,29.19378695,91.46241065,26.48240255,muskmelon
4,27.98780984,92.78226196,27.14509034,muskmelon
4,28.05380704,91.81758779,20.76582087,muskmelon
4,27.3506296,94.2911951,27.21244021,muskmelon
4,29.34081108,94.5513539,28.22908103,muskmelon
4,28.61475136,94.22253035,28.98574189,muskmelon
4,27.04863538,91.34685096,25.08146686,muskmelon
4,29.5275305,94.57459443,21.13545688,muskmelon
4,28.50416396,93.46806467,24.20007242,muskmelon
4,28.89578588,94.78993038,23.0362503,muskmelon
4,27.04927452,91.3821731,23.65747461,muskmelon
4,28.96017885,91.69532178,24.7458198,muskmelon
2,22.75088787,90.69489172,110.4317855,apple
2,23.8494014,94.34814995,114.0512495,apple
2,22.60800988,94.58900601,116.0396587,apple
2,21.18667419,91.13435689,122.233323,apple
2,23.41044706,91.69913296,116.0777931,apple
2,22.86006627,93.12859895,117.7296726,apple
2,22.48403042,93.40819246,105.5473627,apple
2,22.02775403,92.96129462,121.1349176,apple
2,21.91191314,91.68748063,117.0761277,apple
2,23.71059131,93.27392415,112.6676589,apple
2,21.37784654,92.72043743,106.1417017,apple
2,22.84852833,94.32130209,123.5977843,apple
2,23.1094265,92.79630809,108.183792,apple
2,23.25230817,94.54128292,105.3558408,apple
2,23.67287749,90.4935574,104.2298028,apple
2,23.76881552,90.59810302,102.2648546,apple
2,23.34386401,91.47684705,104.4267991,apple
2,22.63946441,90.18451645,108.3405879,apple
2,22.45696744,94.76285385,114.8407725,apple
2,22.96388477,93.58065995,104.6472986,apple
2,21.07273439,93.56585985,107.8737015,apple
2,22.44075021,92.70785115,121.4977331,apple
2,22.71271308,90.45261746,109.8852597,apple
2,21.70416965,93.44006288,115.1781396,apple
2,22.43324518,92.48667725,119.1025189,apple
2,21.25941052,92.84416234,109.0658471,apple
2,22.9215706,94.89613443,105.6941544,apple
2,22.81212536,91.51861705,107.855225,apple
2,21.12152071,90.6878768,102.8017203,apple
2,21.11478672,90.31528693,104.5086618,apple
2,23.59997268,90.97597665,107.1728191,apple
2,23.12652652,94.71203306,108.6211833,apple
2,22.98458907,93.3204487,122.1952483,apple
2,22.12659387,90.97818277,104.5412275,apple
2,22.53779727,91.48135786,101.8474768,apple
2,22.49095104,91.70292746,124.3915101,apple
2,22.35548159,94.47811755,116.7366261,apple
2,22.20700989,93.50574163,120.1593771,apple
2,22.44516988,94.73763514,107.1843273,apple
2,22.76643029,92.12438519,120.4359949,apple
2,22.19109412,90.02575116,112.3126628,apple
2,23.6119202,91.70293849,123.5900822,apple
2,23.86087054,94.92048112,105.0241329,apple
2,21.42177231,92.62665309,102.8045658,apple
2,22.36629253,90.78572467,124.9831618,apple
2,23.99686172,91.61001707,117.6102915,apple
2,21.80129837,92.73446667,120.0586671,apple
2,23.80436344,92.80441624,100.6192543,apple
2,23.71475278,91.53331177,121.8961665,apple
2,23.34467359,90.37981478,112.8954016,apple
2,22.31253665,90.03577124,113.0688155,apple
2,23.50201428,92.21083961,107.9868949,apple
2,23.46260321,91.45665004,111.7763395,apple
2,23.06204373,92.39544055,114.7399101,apple
2,22.47420512,91.22759742,124.2179699,apple
2,22.69780133,92.82223419,105.0508234,apple
2,23.66682067,93.90191078,105.4004751,apple
2,22.50050273,92.45878335,100.9343903,apple
2,23.83053666,90.84422164,109.5966791,apple
2,23.64142354,93.74461474,116.6912176,apple
2,21.41363812,92.99124545,118.3979065,apple
2,22.85267372,94.5764581,117.5314026,apple
2,22.98208095,93.84505029,109.5852253,apple
2,21.19909519,90.80819418,103.6838922,apple
2,23.87192332,90.49939035,103.0548094,apple
2,21.0365275,94.33919546,114.7412734,apple
2,22.61711614,93.51978375,116.9256766,apple
2,21.45278675,90.74531921,116.7036582,apple
2,22.81227579,92.12992101,109.3383552,apple
2,21.98141856,91.12719303,115.4789148,apple
2,22.52709326,92.54780429,115.3830068,apple
2,22.35628673,91.92360477,107.7697413,apple
2,21.19852186,92.15595143,105.8554351,apple
2,23.8812458,93.45067555,104.9116663,apple
2,22.78234161,94.36803516,122.1449949,apple
2,22.19055385,92.43764169,121.6622761,apple
2,22.91430043,90.70475565,118.6044645,apple
2,23.08950736,90.22507299,108.2166601,apple
2,21.72484506,92.83975602,121.6961761,apple
2,22.44307715,91.59234006,102.5565807,apple
2,21.1316077,91.95769858,122.5391946,apple
2,22.71750705,92.25479855,107.0289866,apple
2,23.75033085,92.88160462,117.6602827,apple
2,23.76121837,93.661643,100.825956,apple
2,22.13450646,94.67695747,112.9203223,apple
2,21.17089176,90.23730166,123.6495149,apple
2,22.36238282,91.15761594,118.6832725,apple
2,22.77856513,92.70124029,113.7759219,apple
2,21.22503442,90.09877774,113.9760462,apple
2,23.15791104,90.34396882,110.712841,apple
2,22.42776057,93.91722423,102.7230739,apple
2,23.64082979,90.95257927,116.7431319,apple
2,22.29423493,90.69033986,122.7418744,apple
2,23.35225078,90.90054697,113.0381382,apple
2,22.03911546,94.58075845,110.9804014,apple
2,23.80593812,92.48879468,119.6335548,apple
2,22.31944084,90.85174383,100.1173443,apple
2,22.14464104,93.82567435,120.6310784,apple
2,23.65167552,94.50528753,115.3611268,apple
2,22.16939473,90.27185592,124.4683112,apple
